{
    "nodes": [
        {
            "bl_idname": "MtreeTrunk",
            "name": "Trunk Node",
            "outputs_count": 2,
            "location": [
                281.2271423339844,
                -39.78292465209961
            ],
            "seed": 33,
            "length": 10.0,
            "radius": 0.10999998450279236,
            "end_radius": 0.0,
            "resolution": 7.0,
            "shape": 1.0,
            "randomness": 0.5,
            "axis_attraction": 0.25
        },
        {
            "bl_idname": "MtreeBranch",
            "name": "Branch Node",
            "outputs_count": 2,
            "location": [
                440.0,
                -40.0
            ],
            "seed": 74,
            "amount": 86,
            "split_angle": 1.5,
            "max_split_number": 4,
            "radius": 0.2700001001358032,
            "min_height": 0.8699996471405029,
            "length": 4.0,
            "shape_start": 1.0,
            "shape_end": 0.0,
            "shape_convexity": -0.17999999225139618,
            "resolution": 6.0,
            "randomness": 0.15000000596046448,
            "split_proba": 0.17999997735023499,
            "split_flatten": 0.880000114440918,
            "gravity_strength": 1.2899999618530273,
            "floor_avoidance": 0.3199999928474426
        },
        {
            "bl_idname": "MtreeBranch",
            "name": "Branch Node.001",
            "outputs_count": 1,
            "location": [
                620.0,
                -40.0
            ],
            "seed": 67,
            "amount": 796,
            "split_angle": 0.26999998092651367,
            "max_split_number": 4,
            "radius": 0.2700001001358032,
            "min_height": 0.0,
            "length": 1.0,
            "shape_start": 1.0,
            "shape_end": 0.0,
            "shape_convexity": -0.17999999225139618,
            "resolution": 6.0,
            "randomness": 0.15000000596046448,
            "split_proba": 0.0599999725818634,
            "split_flatten": 0.940000057220459,
            "gravity_strength": 1.2899999618530273,
            "floor_avoidance": 0.3199999928474426
        },
        {
            "bl_idname": "MtreeParameters",
            "name": "Tree paramteters",
            "outputs_count": 0,
            "location": [
                800.0,
                -40.0
            ],
            "resolution": 16,
            "create_leafs": false,
            "leaf_amount": 3000,
            "leaf_max_radius": 0.10000000149011612,
            "leaf_weight": 0.0,
            "leaf_dupli_object": null,
            "leaf_size": 0.10000000149011612
        }
    ],
    "links": [
        {
            "from_node": "Trunk Node",
            "to_node": "Branch Node",
            "output_index": 0
        },
        {
            "from_node": "Branch Node",
            "to_node": "Branch Node.001",
            "output_index": 0
        }
    ]
}